<?xml version="1.0" encoding="UTF-8"?>
<swes:InsertSensor
    xmlns:swes="http://www.opengis.net/swes/2.0"
    xmlns:sos="http://www.opengis.net/sos/2.0"
    xmlns:swe="http://www.opengis.net/swe/1.0.1"
    xmlns:sml="http://www.opengis.net/sensorML/1.0.1"
    xmlns:gml="http://www.opengis.net/gml"
    xmlns:xlink="http://www.w3.org/1999/xlink"
    xmlns:xsi="http://www.w3.org/2001/XMLSchema-instance" service="SOS" version="2.0.0" xsi:schemaLocation="http://www.opengis.net/sos/2.0 http://schemas.opengis.net/sos/2.0/sosInsertSensor.xsd   http://www.opengis.net/swes/2.0 http://schemas.opengis.net/swes/2.0/swes.xsd">
    <swes:procedureDescriptionFormat>http://www.opengis.net/sensorML/1.0.1</swes:procedureDescriptionFormat>
    <swes:procedureDescription>
        <sml:SensorML xmlns:sml="http://www.opengis.net/sensorML/1.0.1" xmlns:swe="http://www.opengis.net/swe/1.0.1" xmlns:gml="http://www.opengis.net/gml" version="1.0.1">
          <sml:member>
            <sml:System>
              <!--optional; generated if not present-->
              <sml:identification>
                <sml:IdentifierList>
                  <sml:identifier name="uniqueID">
                    <sml:Term definition="urn:ogc:def:identifier:OGC:1.0:uniqueID">
                      <sml:value>http://vocab.example.com/sensorweb/procedure/metar/lows</sml:value>
                    </sml:Term>
                  </sml:identifier>
                  <sml:identifier name="longName">
                    <sml:Term definition="urn:ogc:def:identifier:OGC:1.0:longName">
                      <sml:value>METAR Salzburg Airport</sml:value>
                    </sml:Term>
                  </sml:identifier>
                  <sml:identifier name="shortName">
                    <sml:Term definition="urn:ogc:def:identifier:OGC:1.0:shortName">
                      <sml:value>LOWS</sml:value>
                    </sml:Term>
                  </sml:identifier>
                </sml:IdentifierList>
              </sml:identification>
              <sml:capabilities name="featuresOfInterest">
                <swe:SimpleDataRecord>
                  <swe:field name="featureOfInterestID">
                    <swe:Text>
                      <swe:value>http://vocab.example.com/sensorweb/feature/metar/lows</swe:value>
                    </swe:Text>
                  </swe:field>
                </swe:SimpleDataRecord>
              </sml:capabilities>
              <sml:capabilities name="offerings">
                <swe:SimpleDataRecord>
                  <swe:field name="Offering METAR LOWS">
                    <swe:Text definition="http://www.opengis.net/def/offering/identifier">
                      <swe:value>http://vocab.example.com/sensorweb/offering/metar/lows</swe:value>
                    </swe:Text>
                  </swe:field>
                </swe:SimpleDataRecord>
              </sml:capabilities>
              <sml:position name="sensorPosition">
                <swe:Position fixed="false" referenceFrame="urn:ogc:def:crs:EPSG::4326">
                  <swe:location>
                    <swe:Vector>
                      <swe:coordinate name="easting">
                        <swe:Quantity axisID="x">
                          <swe:uom code="degree"/>
                          <swe:value>13.00388333</swe:value>
                        </swe:Quantity>
                      </swe:coordinate>
                      <swe:coordinate name="northing">
                        <swe:Quantity axisID="y">
                          <swe:uom code="degree"/>
                          <swe:value>47.795</swe:value>
                        </swe:Quantity>
                      </swe:coordinate>
                      <swe:coordinate name="altitude">
                        <swe:Quantity axisID="z">
                          <swe:uom code="m"/>
                          <swe:value>450.0</swe:value>
                        </swe:Quantity>
                      </swe:coordinate>
                    </swe:Vector>
                  </swe:location>
                </swe:Position>
              </sml:position>
              <sml:inputs>
                <sml:InputList>
                  <sml:input name="temperature">
                    <swe:ObservableProperty definition="http://sweet.jpl.nasa.gov/2.3/propTemperature.owl#Temperature"/>
                  </sml:input>
                  <sml:input name="dew_point">
                    <swe:ObservableProperty definition="http://sweet.jpl.nasa.gov/2.3/propTemperature.owl#DewPoint"/>
                  </sml:input>
                  <sml:input name="atmospheric_pressure">
                    <swe:ObservableProperty definition="http://sweet.jpl.nasa.gov/2.3/phenAtmoPressure.owl#Barometric"/>
                  </sml:input>
                  <sml:input name="metar_string">
                    <swe:ObservableProperty definition="http://vocab.example.com/phenomenon/metarString"/>
                  </sml:input>

                </sml:InputList>
              </sml:inputs>
              <sml:outputs>
                <sml:OutputList>
                  <sml:output name="temperature">
                    <swe:Quantity definition="http://sweet.jpl.nasa.gov/2.3/propTemperature.owl#Temperature">
                      <swe:uom code="°C"/>
                    </swe:Quantity>
                  </sml:output>
                  <sml:output name="dew_point">
                    <swe:Quantity definition="http://sweet.jpl.nasa.gov/2.3/propTemperature.owl#DewPoint">
                      <swe:uom code="°C"/>
                    </swe:Quantity>
                  </sml:output>
                  <sml:output name="atmospheric_pressure">
                    <swe:Quantity definition="http://sweet.jpl.nasa.gov/2.3/phenAtmoPressure.owl#Barometric">
                      <swe:uom code="hPa"/>
                    </swe:Quantity>
                  </sml:output>
                  <sml:output name="metar_string">
                    <swe:ObservableProperty definition="http://vocab.example.com/phenomenon/metarString"/>
                  </sml:output>
                </sml:OutputList>
              </sml:outputs>
            </sml:System>
          </sml:member>
        </sml:SensorML>
    </swes:procedureDescription>
    <!-- multiple values possible -->
    <swes:observableProperty>http://sweet.jpl.nasa.gov/2.3/propTemperature.owl#Temperature</swes:observableProperty>
    <swes:observableProperty>http://sweet.jpl.nasa.gov/2.3/propTemperature.owl#DewPoint</swes:observableProperty>
    <swes:observableProperty>http://sweet.jpl.nasa.gov/2.3/phenAtmoPressure.owl#Barometric</swes:observableProperty>
	  <swes:observableProperty>http://vocab.example.com/phenomenon/metarString</swes:observableProperty>
    <swes:metadata>
        <sos:SosInsertionMetadata>
            <sos:observationType>http://www.opengis.net/def/observationType/OGC-OM/2.0/OM_Measurement</sos:observationType>
            <!-- multiple values possible -->
            <sos:featureOfInterestType>http://www.opengis.net/def/samplingFeatureType/OGC-OM/2.0/SF_SamplingPoint</sos:featureOfInterestType>
        </sos:SosInsertionMetadata>
    </swes:metadata>
</swes:InsertSensor>
